,subgraph_type,connection_prob,layers,StDev,nodes_per_layer,edges_per_layer,subgraph_prob,sample_size,modularity_top,avg_node_degree_top,avg_connect_within_bottom,avg_connect_between_top,modularity_middle,avg_node_degree_middle,avg_connect_within_middle,avg_connect_between_middle
0,small world,disc,3,0.1,"(5, 15, 300)","(0, 15, 361)",0.05,500,0.7998864342661584,1.2033333333333334,72.2,0.0,0.764255185273287,1.2033333333333334,20.0,0.2904761904761905
1,small world,full,3,0.1,"(5, 15, 300)","(10, 25, 300)",0.05,500,0.6890231755096621,1.3566666666666667,72.4,2.25,0.6693913032979372,1.3566666666666667,20.0,0.5095238095238095
2,scale free,disc,3,0.1,"(5, 15, 300)","(0, 10, 959)",0.05,500,0.7812034825118709,3.1966666666666668,191.8,0.0,0.8806042529964193,3.1966666666666668,61.333333333333336,0.18571428571428572
3,scale free,full,3,0.1,"(5, 15, 300)","(10, 20, 300)",0.05,500,0.7460663454659715,3.3533333333333335,193.8,1.85,0.8369568869091611,3.3533333333333335,61.333333333333336,0.4095238095238095
4,random graph,disc,3,0.1,"(5, 12, 167)","(0, 7, 135)",0.05,500,0.784087791495199,0.8083832335329342,27.0,0.0,0.7729492455418383,0.8083832335329342,9.666666666666666,0.14393939393939395
5,random graph,full,3,0.1,"(5, 12, 167)","(10, 17, 167)",0.05,500,0.6741862034069828,0.9221556886227545,27.2,0.9,0.667018046888177,0.9221556886227545,9.666666666666666,0.2878787878787879
